{
    "model_name": "Random Forest (Tuned)",
    "test_r2": -0.004576753280419066,
    "test_rmse": 4087.58060860721,
    "test_mae": 3144.6651222547157,
    "mape": 43.04594662683976,
    "n_features": 41,
    "n_training_samples": 8655,
    "date_trained": "2025-12-01 20:44:36"
}